{"cameraMode":{"drawMode":0,"name":"Shaded","section":"Shading Mode"},"sceneLighting":true,"audioPlay":false,"sceneViewState":{"m_AlwaysRefresh":false,"showFog":true,"showSkybox":true,"showFlares":true,"showImageEffects":true,"showParticleSystems":true,"showVisualEffectGraphs":true,"m_FxEnabled":true},"in2DMode":false,"pivot":{"x":3.4292705059051515,"y":1.7156248092651368,"z":-3.0070714950561525},"rotation":{"x":0.7121468186378479,"y":0.006739065982401371,"z":-0.0068368143402040009,"w":0.7019650340080261},"size":12.240819931030274,"orthographic":true}